Date,Open,High,Low,Close,Volume,Dividends,Stock Splits,Rolling_Mean,Rolling_Std,Z_Score,Bollinger_High,Bollinger_Low,RSI,SMA_50,EMA_50,MACD,ATR
2024-01-02 00:00:00-05:00,186.23761848029775,187.52133810124718,182.9935167810597,184.7349853515625,82488700,0.0,0.0,,,,,,,,184.7349853515625,,0.0
2024-01-03 00:00:00-05:00,183.32190833232914,184.97381929292,182.53575116647167,183.3517608642578,58414500,0.0,0.0,,,,,,,,184.68074125402114,,0.0
2024-01-04 00:00:00-05:00,181.26198308479132,182.19740286158623,179.99818547387906,181.02316284179688,71983600,0.0,0.0,,,,,,,,184.53730680648295,,0.0
2024-01-05 00:00:00-05:00,181.10278633743064,181.86902157901608,179.29165172771755,180.29672241210938,62303300,0.0,0.0,,,,,,,,184.37100937925263,,0.0
2024-01-08 00:00:00-05:00,181.20228054123743,184.6951784875532,180.6151605231867,184.65536499023438,59144500,0.0,0.0,,,,,,,,184.3821605796833,,0.0
2024-01-09 00:00:00-05:00,183.02335798455337,184.24735728099782,181.83915700040632,184.23741149902344,42841800,0.0,0.0,,,,,,,,184.37648414514763,,0.0
2024-01-10 00:00:00-05:00,183.45127673118873,185.49127057687537,183.02336513916433,185.2823028564453,46792900,0.0,0.0,,,,,,,,184.41200644755148,,0.0
2024-01-11 00:00:00-05:00,185.63057672110963,186.13810009590225,182.7248140769861,184.68521118164062,49128400,0.0,0.0,,,,,,,,184.42272035869223,,0.0
2024-01-12 00:00:00-05:00,185.1529124416028,185.82960518169298,184.2871587499394,185.0135955810547,40444700,0.0,0.0,,,,,,,,184.44589193603977,,0.0
2024-01-16 00:00:00-05:00,181.27193705900044,183.361690026594,180.04792262326768,182.73477172851562,65603000,0.0,0.0,,,,,,,,184.37878918280353,,0.0
2024-01-17 00:00:00-05:00,180.38628371133655,182.03817940296344,179.42101140332082,181.78939819335938,47317400,0.0,0.0,,,,,,,,184.27724443811945,,0.0
2024-01-18 00:00:00-05:00,185.182762792007,188.21789634439324,184.92403582100312,187.71038818359375,78005800,0.0,0.0,,,,,,,,184.41187752617728,,0.0
2024-01-19 00:00:00-05:00,188.4069897270921,191.01421197583775,187.89948151982946,190.62611389160156,68741000,0.0,0.0,,,,,,,,184.6555730699194,,0.0
2024-01-22 00:00:00-05:00,191.36250312836654,194.37773007418247,191.3226896328841,192.9447479248047,60133900,0.0,0.0,,,,,,72.5131953654957,,184.98063875050315,,3.521322003629024
2024-01-23 00:00:00-05:00,194.06924615918857,194.79568302432682,192.8850451968675,194.22845458984375,42355600,0.0,0.0,,,,,,74.4509608849823,,185.34329819518317,,3.4062731339026158
2024-01-24 00:00:00-05:00,194.4672860626603,195.42261254918643,193.39254945946814,193.55177307128906,53631300,0.0,0.0,,,,,,71.58606615746598,,185.66519917071673,,3.3079724164608777
2024-01-25 00:00:00-05:00,194.26827279243787,195.31315691300077,192.1685587692801,193.223388671875,54822100,0.0,0.0,,,,,,70.1748206982723,,185.96159875899747,,3.2963028255508617
2024-01-26 00:00:00-05:00,193.32290534776368,193.8105067973861,191.00426266727368,191.48191833496094,44594000,0.0,0.0,,,,,,63.07349833935536,,186.1780818796235,,3.261298633019544
2024-01-29 00:00:00-05:00,191.07390655519137,191.26298269587747,188.65576059016195,190.79527282714844,47145600,0.0,0.0,,,,,,60.474928091683246,,186.35914819129115,,3.23021714100379
2024-01-30 00:00:00-05:00,190.00914701951908,190.86495502370778,186.55606247111587,187.12327575683594,55859400,0.0,0.0,186.97450103759766,4.514402990649443,0.03295556899692573,196.00330701889655,177.94569505629877,48.87773170582423,,186.38911397817526,,3.307265384688656
2024-01-31 00:00:00-05:00,186.12815142243116,186.18787167030365,183.45127824224116,183.5010223388672,55467800,0.0,0.0,186.91280288696288,4.55487213642485,-0.7490398074650723,196.02254715981258,177.80305861411318,40.60548399919287,,186.27585548251614,,3.333317679681951
2024-02-01 00:00:00-05:00,183.09303209854838,186.03859323945602,182.9238626911125,185.94903564453125,64885400,0.0,0.0,187.04266662597655,4.4844813031064215,-0.24387011730603889,196.0116292321894,178.0737040197637,47.1192175098854,,186.26303901828143,,3.317704313157777
2024-02-02 00:00:00-05:00,178.9831513103476,186.41673495449575,178.3761245608121,184.94395446777344,102518000,0.0,0.0,187.23870620727538,4.28892340292397,-0.5350414367245407,195.81655301312333,178.66085940142744,44.940056584498414,,186.21131021237917,,3.655054747481055
2024-02-05 00:00:00-05:00,187.23272451786957,188.32736786854025,184.9339886658605,186.7650146484375,69668800,0.0,0.0,187.5621208190918,3.9699113050192207,-0.20078689658544985,195.50194342913025,179.62229820905335,49.497410171254366,,186.23302411183244,,3.636363637138104
2024-02-06 00:00:00-05:00,185.94902917871246,188.38708201253658,185.8594715869018,188.37713623046875,43490800,0.0,0.0,187.74820938110352,3.913311703179709,0.1607147339820139,195.57483278746295,179.9215859747441,53.191124858939666,,186.31710694001427,,3.5571669791735805
2024-02-07 00:00:00-05:00,189.71060210551596,190.118606941087,187.69049986083044,188.48660278320312,53439000,0.0,0.0,187.9606689453125,3.827070495394003,0.13742465379814583,195.6148099361005,180.3065279545245,53.4401422475025,,186.40218520837462,0.5302194522950856,3.47651984353665
2024-02-08 00:00:00-05:00,188.46670752859183,188.61597019246477,186.4366593779137,187.4019317626953,40962000,0.0,0.0,188.066650390625,3.7780307036437675,-0.175943151358879,195.62271179791253,180.51058898333747,50.569422840023456,,186.44139095560288,0.4634522860729646,3.383862055751965
2024-02-09 00:00:00-05:00,187.96985257532495,189.30503301755343,187.3222021069975,188.1691436767578,45155200,0.24,0.0,188.24084701538087,3.693281869784821,-0.019414531885493528,195.62741075495052,180.8542832758112,52.51256182754324,,186.50914596427563,0.4670624106837238,3.283788402523676
2024-02-12 00:00:00-05:00,187.74067569026312,187.98977434952795,186.11654756664825,186.47525024414062,41781900,0.0,0.0,188.31392974853514,3.640139144567875,-0.5051124232814984,195.59420803767088,181.0336514593994,48.02386075244974,,186.50781672034879,0.32944280530463743,3.195846095922668
2024-02-13 00:00:00-05:00,185.10024282819998,185.53865891732192,182.84838113476025,184.37286376953125,56529500,0.0,0.0,188.39583435058594,3.5245938654147246,-1.1413997568713712,195.4450220814154,181.34664661975648,43.099591560094765,,186.42409307521868,0.05015510163076442,3.22663345402679
2024-02-14 00:00:00-05:00,184.6518638454696,184.8610982078661,181.78224238811126,183.48606872558594,54630500,0.0,0.0,188.48066787719728,3.3744343904566767,-1.4801292820321805,195.22953665811062,181.73179909628394,41.18144543912012,,186.30887643405663,-0.23997310391709448,3.2160779087216507
2024-02-15 00:00:00-05:00,182.88824837462906,183.82486181575325,180.69618309757163,183.19712829589844,65434500,0.0,0.0,188.2550048828125,3.573685445576033,-1.415311074223209,195.40237577396456,181.10763399166044,40.5482318954948,,186.18684709530532,-0.48759616984659715,3.2098351093973627
2024-02-16 00:00:00-05:00,182.75870865343296,184.18356093832674,181.015017979917,181.6527099609375,49701400,0.0,0.0,187.80633468627929,3.8154489769138826,-1.6128179835651035,195.43723264010706,180.17543673245152,37.251150856346605,,186.00903779591835,-0.7992476565421214,3.206885670041104
2024-02-20 00:00:00-05:00,181.13456200161647,181.7722539176,179.3510224128385,180.9053955078125,53665600,0.0,0.0,187.2043670654297,3.9106315119121744,-1.6107300159654256,195.02563008925404,179.38310404160535,35.73690045023493,,185.80889496109066,-1.0939256420196273,3.150767515378277
2024-02-21 00:00:00-05:00,181.28405435734408,182.23062628266825,180.00867035619171,181.66268920898438,41529700,0.0,0.0,186.57607879638672,3.727883571643759,-1.318010472423595,194.03184593967424,179.1203116530992,38.466598284114994,,185.6462986570865,-1.2519214249410595,3.0844238304567244
2024-02-22 00:00:00-05:00,182.81848586019305,184.29316088677606,181.8021742653834,183.7052764892578,52292200,0.0,0.0,186.08375396728516,3.3933272219833497,-0.7009278275960561,192.87040841125187,179.29709952331845,45.2248926726184,,185.57018014070107,-1.198498948462344,3.0519986766949363
2024-02-23 00:00:00-05:00,184.3429666556088,184.37285727847149,181.57299077597804,181.86195373535156,45119700,0.0,0.0,185.51568222045898,3.0708632968094838,-1.1898049935676114,191.65740881407794,179.37395562684003,40.86311890176811,,185.42475949735405,-1.290031313943473,3.033989235680544
2024-02-26 00:00:00-05:00,181.5829745492965,182.10108884357552,179.99869543060538,180.50686645507812,40867400,0.0,0.0,184.96692962646483,2.92577925000446,-1.5244018055633926,190.81848812647377,179.1153711264559,37.9643590857865,,185.23190094667657,-1.4551416247673785,2.9674466769155154
2024-02-27 00:00:00-05:00,180.4470750372319,183.25690001064538,178.9126187804792,181.9715576171875,54318900,0.0,0.0,184.5257438659668,2.653233099040734,-0.962669374847901,189.83221006404827,179.21927766788534,42.696174677246496,,185.10404434552015,-1.4510772841361472,3.0657920021477065
2024-02-28 00:00:00-05:00,181.85199678307725,182.45979817680953,179.48058766314844,180.76593017578125,48953900,0.0,0.0,184.20787658691407,2.7059535394739314,-1.2719902100765457,189.61978366586192,178.79596950796622,39.9921360837616,,184.93392222121668,-1.5275318868405634,3.059607610112948
2024-02-29 00:00:00-05:00,180.61647239906964,181.91178855608587,178.88274013933005,180.0983428955078,136682600,0.0,0.0,184.0377426147461,2.855569069114146,-1.379549793365832,189.74888075297437,178.32660447651782,38.53674871095949,,184.74429165942416,-1.623279271581339,3.057424810587438
2024-03-01 00:00:00-05:00,178.9026640457765,179.87912655443867,176.74048946042234,179.01226806640625,73488000,0.0,0.0,183.69090423583984,3.027311084373202,-1.545475849371552,189.74552640458623,177.63628206709345,36.22695991598253,,184.5195064204823,-1.7664345676845414,3.0788839980515834
2024-03-04 00:00:00-05:00,175.51490641269265,176.26220237846417,173.16341449891394,174.4687042236328,81510100,0.0,0.0,183.16714172363282,3.642728376161443,-2.3878907790445982,190.4525984759557,175.88168497130994,28.524397186948022,,184.1253573147235,-2.220912504309325,3.27673896729735
2024-03-05 00:00:00-05:00,170.14434479927544,171.4197287337638,169.00845550750375,169.50665283203125,95132400,0.0,0.0,182.3042236328125,4.650363002087909,-2.7519509326552405,191.60494963698832,173.00349762863667,22.81833383219184,,183.55207478599047,-2.9475085770142186,3.4327039493567577
2024-03-06 00:00:00-05:00,170.44326190896186,170.6226208472031,168.0718378391885,168.51025390625,68587700,0.0,0.0,181.31087951660157,5.353554292572507,-2.3910517967681946,192.0179881017466,170.60377093145655,21.872165154591443,,182.9621994573732,-3.5626739776058685,3.369709596403747
2024-03-07 00:00:00-05:00,168.5401544147667,170.1144598371159,167.8825454793763,168.3907012939453,71765100,0.0,0.0,180.30608444213868,5.80289431313995,-2.0533517422870227,191.91187306841857,168.7002958158588,21.75560067771427,,182.39076815684663,-4.013577859078282,3.2884385079277374
2024-03-08 00:00:00-05:00,168.39069767067738,173.0737495355564,168.33091642363513,170.1144561767578,76114600,0.0,0.0,179.44171066284179,5.975271245445505,-1.5609759127158336,191.39225315373278,167.4911681719508,27.73558513868906,,181.90934415762746,-4.183603839847052,3.3923238367844184
2024-03-11 00:00:00-04:00,172.31649942978052,173.75131021022753,171.42970876738985,172.12718200683594,60139500,0.0,0.0,178.6396125793457,5.816675114713821,-1.1196139450931293,190.27296280877334,167.00626234991807,34.07155923881655,,181.52572995563563,-4.108579355829505,3.4097902794047967
2024-03-12 00:00:00-04:00,172.52572483722957,173.40255698056936,170.39344092810595,172.60543823242188,59825400,0.0,0.0,177.94612197875978,5.6579517243461135,-0.9439252942645285,189.26202542745202,166.63021853006754,35.51828487977126,,181.17591459394097,-3.964826578494609,3.381170691766126
2024-03-13 00:00:00-04:00,172.14711771653415,172.56560166885345,170.14435462584885,170.51303100585938,52488700,0.0,0.0,177.25313034057618,5.678115976179305,-1.1870309382535869,188.60936229293478,165.89689838821758,32.19011028369944,182.97989166259765,180.75776229636915,-3.973932225966621,3.315450185680905
2024-03-14 00:00:00-04:00,172.28659461404473,173.68154097803347,171.42969464651588,172.3762664794922,72913500,0.0,0.0,176.6976402282715,5.578822336822509,-0.7746032205142067,187.85528490191652,165.53999555462647,37.781028730507096,182.73271728515624,180.4290761859034,-3.7871451344828984,3.304954456144704
2024-03-15 00:00:00-04:00,170.55286572568298,171.9976348876953,169.67603359258842,171.9976348876953,121664700,0.0,0.0,176.13766555786134,5.452750088769631,-0.759255532119975,187.0431657354006,165.23216538032207,37.11140429345511,182.505634765625,180.09843142911092,-3.627847852073671,3.2617600583417796
2024-03-18 00:00:00-04:00,174.93702524630143,177.06930930187292,172.89441306506424,173.09368896484375,75604200,0.0,0.0,175.70971450805663,5.331655335877981,-0.49065916275739446,186.3730251798126,165.04640383630067,40.4042589203801,182.34704528808595,179.8237356461985,-3.3742647801904866,3.3910396551871957
2024-03-19 00:00:00-04:00,173.71144297319321,175.9732631292534,172.40616838919217,175.44517517089844,55215200,0.0,0.0,175.43670349121095,5.189506636598133,0.0016324634075508293,185.81571676440723,165.05769021801467,46.83580043522822,182.2500143432617,179.65202739226515,-2.9495524791700802,3.4036150183924847
2024-03-20 00:00:00-04:00,175.08647190626633,178.0258331298828,174.45873840154812,178.0258331298828,53423100,0.0,0.0,175.25486068725587,5.020840575019871,0.5518941303201955,185.29654183729562,165.21317953721612,52.84971027750719,182.1174237060547,179.58825506825016,-2.3773230901419993,3.415292140531214
2024-03-21 00:00:00-04:00,176.41168117904223,176.8500972709565,170.22406352502733,170.7521514892578,106181300,0.0,0.0,174.60720443725586,4.6985084534029715,-0.8204844124960469,184.0042213440618,165.21018753044993,39.34151711821245,181.84771850585938,179.24174120240733,-2.4821399322907496,3.728611959411519
2024-03-22 00:00:00-04:00,171.14074502028382,172.42610267352754,169.44687710249696,171.65887451171875,71106600,0.0,0.0,174.09705047607423,4.414687047003906,-0.5522873849031235,182.92642457008205,165.2676763820664,41.35384718746807,181.57524993896484,178.94437388120386,-2.4636437135808933,3.6750843602414522
2024-03-25 00:00:00-04:00,169.9550500090239,171.32010587263267,168.83907761478048,170.23403930664062,54288300,0.0,0.0,173.58340911865236,4.22312143391398,-0.7931028895154315,182.0296519864803,165.1371662508244,39.15560140263088,181.28622650146485,178.60279213318177,-2.534738729941722,3.6139923985769395
2024-03-26 00:00:00-04:00,169.38709229314748,170.80197088667242,168.96860836017046,169.09814453125,57388400,0.0,0.0,172.93973846435546,3.8411255424718265,-1.0001219409853837,180.62198954929912,165.2574873794118,37.44664346222275,180.96791748046874,178.23006085467463,-2.6521667307690677,3.4868045505715837
2024-03-27 00:00:00-04:00,169.79562681694486,172.97412838637234,169.4967053620682,172.68516540527344,60273300,0.0,0.0,172.53570022583008,3.370782011423338,0.044341395835395744,179.27726424867677,165.7941362029834,45.531355057733606,180.76692535400392,178.01261397430596,-2.427800488124575,3.514603072325209
2024-03-28 00:00:00-04:00,171.13077090878156,171.60903605513778,169.89523614327186,170.8617401123047,65672700,0.0,0.0,172.07387008666993,2.876621673219428,-0.42137274624947846,177.8271134331088,166.32062674023106,42.5226928739107,180.5483721923828,177.73218754834514,-2.369806156282408,3.4628406573020927
2024-04-01 00:00:00-04:00,170.5728137058907,170.6325949561908,168.86897205345468,169.4169921875,46240500,0.0,0.0,171.5941062927246,2.4228980087159284,-0.8985578829124616,176.43990231015647,166.74831027529274,40.253085095214374,180.18250427246093,177.40610145576298,-2.4126132104499334,3.357835471698372
2024-04-02 00:00:00-04:00,168.47041766713258,168.72947481572177,167.62347609078947,168.2312774658203,49329500,0.0,0.0,171.282234954834,2.434816434006735,-1.253054417738189,176.15186782284746,166.41260208682053,38.4397286472891,179.73460754394532,177.04630443654955,-2.5132442624764337,3.246098373484955
2024-04-03 00:00:00-04:00,168.1814453345995,170.0646306043195,167.97221097339488,169.03834533691406,47691700,0.0,0.0,171.25881958007812,2.454959249591788,-0.9044851736472955,176.1687380792617,166.34890108089456,40.40756803407519,179.2564794921875,176.73226682479915,-2.499063811954386,3.163692749016359
2024-04-04 00:00:00-04:00,169.67605100414067,171.30017927084614,168.21136474609375,168.21136474609375,53704400,0.0,0.0,171.2438751220703,2.4734120306220797,-1.2260433516262392,176.19069918331448,166.29705106082613,39.03078241150494,178.7361376953125,176.39811380210483,-2.5254443743520767,3.158344304426076
2024-04-05 00:00:00-04:00,168.97855588471026,169.77567460225572,168.3408639514289,168.96859741210938,42055200,0.0,0.0,171.27276992797852,2.4414961327569196,-0.9437543172625409,176.15576219349236,166.38977766246467,41.01267899470921,178.2444741821289,176.10676021818344,-2.456926888635593,3.0444847009786398
2024-04-08 00:00:00-04:00,168.42059262733576,168.58997789957206,167.6334475147346,167.84268188476562,37425500,0.0,0.0,171.1591812133789,2.548714116190547,-1.3012441479981693,176.25660944576,166.0617529809978,38.983535580025645,177.7368600463867,175.78267871491215,-2.4650625542739135,2.922389357864078
2024-04-09 00:00:00-04:00,168.09176931793073,169.46679875844995,167.74304032326918,169.0582733154297,42451200,0.0,0.0,171.0057357788086,2.5795634851761964,-0.7549581448839167,176.164862749161,165.8466088084562,42.302612070438784,177.2883871459961,175.51897654238343,-2.3463745137464116,2.836772863386699
2024-04-10 00:00:00-04:00,168.19142141332685,168.48036917466098,166.50751200767976,167.1750946044922,49709300,0.0,0.0,170.7342185974121,2.68591981674254,-1.3251043351087064,176.1060582308972,165.36237896392703,38.78295977882268,176.81598358154298,175.19176548599555,-2.376871079860962,2.8163434665555007
2024-04-11 00:00:00-04:00,167.73307888899373,174.8274194382653,167.55373514215378,174.40892028808594,91070300,0.0,0.0,170.92901306152345,2.807553260283587,1.2394803958985228,176.54411958209062,165.31390654095628,54.45792477521716,176.56169647216797,175.16106567431282,-1.7966202314889586,3.161770707071045
2024-04-12 00:00:00-04:00,173.63173034934167,177.71695459263955,173.58192277868224,175.91348266601562,101593300,0.0,0.0,171.10587387084962,3.0077929549931754,1.5983842196268834,177.12145978083598,165.09028796086326,56.92824719266108,176.40994567871093,175.19057222300705,-1.2015113687815813,3.2312893575629213
2024-04-15 00:00:00-04:00,174.72777001691693,175.993195505436,171.87808065130085,172.06739807128906,73531800,0.0,0.0,171.1093620300293,3.0089218078889184,0.31839845048413706,177.12720564580715,165.09151841425145,49.531872747323995,176.1323129272461,175.06809480529262,-1.0283757161681422,3.2944197501752237
2024-04-16 00:00:00-04:00,171.1307833718662,173.13353117115574,167.6633342016507,168.7693328857422,73711200,0.0,0.0,170.8931442260742,3.014192557593079,-0.7046037370711151,176.92152934126037,164.86475911088806,44.225596425427426,175.80882049560546,174.8210845339377,-1.1441022627833775,3.4498324086987813
2024-04-17 00:00:00-04:00,168.99849837401,170.0347421275801,167.39430236816406,167.39430236816406,50901200,0.0,0.0,170.4906005859375,2.9100719803945982,-1.0639936876590892,176.3107445467267,164.6704566251483,42.19597996610101,175.42140625,174.5298381744956,-1.3314220512741315,3.392018648035728
2024-04-18 00:00:00-04:00,167.4241802492927,168.0319815519269,165.94952052629202,166.437744140625,43122900,0.0,0.0,169.91119613647462,2.447701233534798,-1.4190669793606714,174.80659860354422,165.015793669405,40.79344274847586,174.98261840820314,174.21250115355951,-1.539316307687102,3.2984788178642384
2024-04-19 00:00:00-04:00,165.610765092168,165.80006730864108,163.48843957599198,164.40512084960938,67772100,0.0,0.0,169.59384460449218,2.728302002369443,-1.9018142970890175,175.05044860923107,164.13724059975328,37.90990165860153,174.50098876953126,173.827898004385,-1.8468009442433697,3.2735377997762947
2024-04-22 00:00:00-04:00,164.92325754431266,166.65697461863107,164.17596150778874,165.24209594726562,48116400,0.0,0.0,169.27300567626952,2.8473775562344046,-1.415656915668987,174.96776078873833,163.5782505638007,39.79699877055528,174.05779205322267,173.49119988449797,-1.9998943019118371,3.2169288934238685
2024-04-23 00:00:00-04:00,164.75386398167788,166.44773187185876,164.32540636965405,166.2982635498047,49537800,0.0,0.0,169.07621688842772,2.9127181061054523,-0.9537323000121668,174.90165310063864,163.2507806762168,42.18490957059167,173.62037445068358,173.20912394980414,-2.012795735758232,3.1387429369082147
2024-04-24 00:00:00-04:00,165.93957460997115,168.68963384433354,165.61077772251915,168.41064453125,48251800,0.0,0.0,169.04184188842774,2.9165000787323967,-0.21642288364075013,174.87484204589254,163.20884173096294,46.73544356297959,173.2590823364258,173.02094828633142,-1.8314568294455569,3.134465307258656
2024-04-25 00:00:00-04:00,168.91879363485126,169.9949017439694,167.54376407257087,169.27749633789062,50558300,0.0,0.0,168.8714584350586,2.789214167987918,0.1455743009956575,174.44988677103444,163.29303009908276,48.525913745363425,172.95717498779297,172.87414624913765,-1.599360313378014,3.085656190411504
2024-04-26 00:00:00-04:00,169.26751639469646,170.72224396978115,168.57002802452664,168.68960571289062,44838400,0.0,0.0,168.7628517150879,2.7496462804906816,-0.026638336253270615,174.26214427606925,163.26355915410653,47.36311280356345,172.66124572753907,172.71004662026522,-1.4461892430871615,3.018981887186005
2024-04-29 00:00:00-04:00,172.74492977704497,175.39534310552878,172.47591417733986,172.8744659423828,68169400,0.0,0.0,168.93572540283202,2.8976424559383296,1.359291423784488,174.73101031470867,163.14044049095537,55.531768911808854,172.45479248046874,172.71649443681886,-0.9758676256281831,3.2823215661468725
2024-04-30 00:00:00-04:00,172.70508045160457,174.35909916149876,169.38708455902474,169.7158966064453,65934800,0.0,0.0,169.00995635986328,2.897662576684342,0.24362403416542902,174.80528151323196,163.2146312064946,49.31158128798543,172.21605621337892,172.59882393366698,-0.8482266743532989,3.403013925884526
2024-05-01 00:00:00-04:00,168.96859497944865,172.0873148851987,168.5002883097745,168.68960571289062,50383100,0.0,0.0,168.9925193786621,2.8985319096574926,-0.10450589305648818,174.7895831979771,163.19545555934712,47.4517277262009,171.97174041748048,172.4455212583424,-0.8204260382322843,3.4161576865659313
2024-05-02 00:00:00-04:00,171.8880442050533,172.7947670308616,170.27388965643632,172.4061737060547,94214900,0.0,0.0,169.20225982666017,2.989378298252229,1.0717659525620165,175.18101642316464,163.2235032301557,54.189970893162815,171.78661010742186,172.44397821707622,-0.4928169701559284,3.4653722316662923
2024-05-03 00:00:00-04:00,185.97705638865938,186.32580059963428,182.00145144318,182.71885681152344,163224100,0.0,0.0,169.88977279663087,4.248724786028531,3.019514009728194,178.38722236868793,161.3923232245738,66.8806384568319,171.76688171386718,172.84691463254475,0.5921371282906591,4.212104707517242
2024-05-06 00:00:00-04:00,181.6925778578994,183.5358989126904,179.76952819965473,181.0548858642578,78569700,0.0,0.0,170.55038299560547,4.892113071338823,2.147232231853867,180.33460913828313,160.76615685292782,63.809037165531514,171.7507403564453,173.16879585731783,1.3026859660006664,4.180266565054274
2024-05-07 00:00:00-04:00,182.78860333233249,184.23337259597065,180.66629297548113,181.7423858642578,77305800,0.0,0.0,171.18458862304686,5.475845703052833,1.9280669715227516,182.13628002915254,160.23289721694118,64.53379153150784,171.7754507446289,173.50501507327627,1.899381654052661,4.136467497585363
2024-05-08 00:00:00-04:00,182.19076551728074,182.40997355379537,180.79580390275353,182.08116149902344,45057100,0.0,0.0,171.92989196777344,5.899431523695324,1.7207199525033856,183.7287550151641,160.1310289203828,64.90673127982866,171.77764282226562,173.84133454095263,2.3722577377322125,3.9563033656893967
2024-05-09 00:00:00-04:00,181.90182360877466,183.99425867082294,181.45344901084354,183.9045867919922,48983000,0.0,0.0,172.40467529296876,6.464485587688532,1.778936830012391,185.33364646834582,159.4757041175917,66.92283416827027,171.84041595458984,174.23597188413066,2.861168849595657,3.8551966724243973
2024-05-10 00:00:00-04:00,184.48325715706596,184.67283136158454,181.7195112814573,182.63743591308594,50759500,0.25,0.0,172.74087295532226,6.8215563424040155,1.4507778666643667,186.38398564013028,159.09776027051424,64.16412338146591,171.8911978149414,174.56544106173675,3.1105296922016237,3.790776915831743
2024-05-13 00:00:00-04:00,185.0220348889267,186.67829703001243,184.2038757983674,185.86013793945312,72044800,0.0,0.0,173.43050994873047,7.420769393257131,1.6749783387712884,188.27204873524474,158.5889711622162,67.7996621695271,172.02815521240234,175.00837035105897,3.527531885039565,3.8086400730527967
2024-05-14 00:00:00-04:00,187.0873746193062,187.87560260141976,185.87012310151908,187.00755310058594,52393600,0.0,0.0,174.34242095947266,7.921544389144995,1.5988210781812302,190.18550973776266,158.49933218118267,69.00531719666964,172.2789321899414,175.47892653731495,3.9055749049882706,3.6805561151180703
2024-05-15 00:00:00-04:00,187.48648604697289,190.2203008031565,186.9476945906926,189.2924041748047,70400000,0.0,0.0,175.43732604980468,8.409004408551775,1.6476478607752532,192.25533486690824,158.61931723270112,71.30903749337477,172.67464721679687,176.0206315427067,4.339521802264784,3.651416836357058
2024-05-16 00:00:00-04:00,190.04070957734746,190.66929452090585,189.23253763528552,189.41212463378906,52845200,0.0,0.0,176.5860450744629,8.679762186556928,1.4776994212112147,193.94556944757676,159.22652070134905,71.42886738535316,173.09268463134765,176.54578813451386,4.639605797688006,3.493226839875863
2024-05-17 00:00:00-04:00,189.08285791419516,190.3799308889647,188.7535998742954,189.44204711914062,41282900,0.0,0.0,177.83789138793946,8.635869658575906,1.3437159417613,195.10963070509126,160.56615207078767,71.46095027897093,173.51371154785156,177.0515237809698,4.824228319455756,3.359877138075395
2024-05-20 00:00:00-04:00,188.90328335886426,191.48744227389747,188.58399727816297,190.6094207763672,44361300,0.0,0.0,179.10625762939452,8.550990992508428,1.3452432773055958,196.20823961441138,162.00427564437766,72.74671594971879,173.92361083984375,177.58320601608344,5.007022457947642,3.3272748421939027
2024-05-21 00:00:00-04:00,190.65930352654095,192.295606563888,190.48968851208156,191.91647338867188,42309400,0.0,0.0,180.38716812133788,8.449577298098424,1.3644830812931512,197.28632271753472,163.48801352514104,74.15093549077802,174.31939666748048,178.14529493265553,5.197443459081569,3.218606500023369
2024-05-22 00:00:00-04:00,191.83664908760778,192.38541249371693,189.84115686495446,190.4697265625,34648500,0.0,0.0,181.4901222229004,8.241111595393049,1.0896108171401766,197.9723454136865,165.0078990321143,69.86021485637684,174.67668243408204,178.62860597696317,5.171993574018018,3.1704385806475903
2024-05-23 00:00:00-04:00,190.54955125962866,190.5695104450197,186.20936473753514,186.45880126953125,51005900,0.0,0.0,182.34918746948242,7.783863756888459,0.5279657928765727,197.91691498325935,166.7814599557055,59.56891944768546,174.99559783935547,178.93567245902466,4.773154255238296,3.255417661135944
2024-05-24 00:00:00-04:00,188.3944296603675,190.15045735054443,187.61617368042806,189.5518035888672,36294600,0.0,0.0,183.39229736328124,7.235563139316295,0.8512822163235202,197.86342364191384,168.92117108464865,63.97601292185936,175.33910858154297,179.35199132686162,4.653013614942097,3.2865775482700323
2024-05-28 00:00:00-04:00,191.07834591388357,192.56499305086223,188.6737894364844,189.56178283691406,52280100,0.0,0.0,184.2266632080078,6.913863079165943,0.7716553781608675,198.0543893663397,170.3989370496759,63.98965141829085,175.69039154052734,179.752375307648,4.506656601848334,3.3297651244205886
2024-05-29 00:00:00-04:00,189.18265440509,191.81670371975596,189.0828736970108,189.86111450195312,53068000,0.0,0.0,185.2339241027832,6.109189603796521,0.7574147635382592,197.45230331037624,173.01554489519015,64.42472479825548,176.02574005126954,180.14879645252273,4.364509825816754,3.2871983314437725
2024-05-30 00:00:00-04:00,190.33005195445256,191.74684967437963,190.2003553062749,190.85885620117188,49947900,0.0,0.0,186.34238662719727,4.825771612435154,0.9359062004377634,195.99392985206757,176.69084340232698,65.90347706951545,176.334013671875,180.56879879560702,4.282995195805853,3.1870938200853964
2024-05-31 00:00:00-04:00,191.00850903182757,192.13596695656702,189.48195877103,191.81668090820312,75158300,0.0,0.0,187.3129119873047,3.6948387846869792,1.2189351642523665,194.70258955667865,179.92323441793073,67.30834859815283,176.6098306274414,181.00989221178727,4.246729064069825,3.1490162747605117
2024-06-03 00:00:00-04:00,192.46522387732944,194.55052487571635,192.08609069758458,193.59268188476562,50080500,0.0,0.0,187.8566032409668,3.7822508104683266,1.5165780724860443,195.42110486190344,180.29210162003014,69.7935841791864,177.06664123535157,181.50333494406095,4.311594946862044,3.1193611099571337
2024-06-04 00:00:00-04:00,194.20129645164835,194.87977170290745,192.59492465346364,193.91195678710938,47471400,0.0,0.0,188.49945678710938,3.6558657721305194,1.4804974628064,195.81118833137043,181.18772524284833,70.23170205278838,177.5117028808594,181.98994756535697,4.3387500330330795,3.059752962777611
2024-06-05 00:00:00-04:00,194.95958593724887,196.45620511862302,194.43078171111515,195.42852783203125,54156800,0.0,0.0,189.18376388549805,3.6050420124853324,1.732230560671893,196.3938479104687,181.9736798605274,72.28780723850502,178.0155926513672,182.5169507130697,4.431560967000905,3.022931203401613
2024-06-06 00:00:00-04:00,195.24895132280378,196.05712328824086,193.73237287474004,194.0416717529297,41181800,0.0,0.0,189.78178939819335,3.3476609920432523,1.2724951435827154,196.47711138227987,183.08646741410683,67.68386572673253,178.51446319580077,182.9689005577701,4.343141573149921,2.973061146980128
2024-06-07 00:00:00-04:00,194.2112712938544,196.4961183769711,193.7024262662087,196.44622802734375,53103900,0.0,0.0,190.40887145996095,3.36341338022202,1.7950087856831543,197.13569822040498,183.68204469951692,71.11844505866975,178.9896844482422,183.49742320363575,4.416189083354993,2.9602490729645763
2024-06-10 00:00:00-04:00,196.45620195884163,196.85530953542744,191.7169079607164,192.68472290039062,97262100,0.0,0.0,190.91123580932617,2.8532099401448416,0.6215760943880713,196.61765568961584,185.2048159290365,60.31861534700142,179.4261441040039,183.8577094662536,4.1230300104726325,3.115831394517894
2024-06-11 00:00:00-04:00,193.21353266624035,206.6930926736998,193.1935887051364,206.68310546875,172373300,0.0,0.0,191.952384185791,4.330028663541917,3.4019916327550184,200.61244151287485,183.29232685870716,75.33180372706401,180.17146636962892,184.75282303497895,4.963040970100877,3.8938698501458426
2024-06-12 00:00:00-04:00,206.902617394007,219.7037025197263,206.43367547843766,212.58978271484375,198134300,0.0,0.0,193.23149566650392,6.1770464595217165,3.1339066615728073,205.58558858554736,180.87740274746048,78.95068367551302,181.0586364746094,185.8444685126207,6.035798271833045,4.5635953637989
2024-06-13 00:00:00-04:00,214.25601418934664,216.2614784743462,211.12309188063193,213.75714111328125,97862700,0.0,0.0,194.45473251342773,7.611700369728928,2.5358865512648823,209.67813325288557,179.23133177396988,79.5880184324064,181.9530123901367,186.9390831244113,6.90061622067995,4.604651880221426
2024-06-14 00:00:00-04:00,213.36801320894725,214.68503016669274,210.8237575657328,212.01107788085938,70122700,0.0,0.0,195.58468017578124,8.454470638885246,1.94292444869665,212.49362145355173,178.67573889801076,75.88686849630625,182.82900665283202,187.9222986050563,7.360253544162475,4.551553360274178
2024-06-17 00:00:00-04:00,212.88909055319678,218.45651588142053,212.2405616472853,216.18165588378906,93728300,0.0,0.0,196.92166061401366,9.483605064850464,2.030872768116382,215.8888707437146,177.95445048431273,78.46314374405347,183.77326782226564,189.0305086944184,7.969186404171239,4.686830834580391
2024-06-18 00:00:00-04:00,217.09957203800778,218.13723651623954,212.5199210550432,213.8070068359375,79943300,0.0,0.0,198.0815399169922,10.071326366450865,1.5614097236814057,218.22419264989392,177.93888718409048,73.63885240461292,184.69255432128907,190.00213607251717,8.166022921395978,4.753294022195816
2024-06-20 00:00:00-04:00,213.44781843702847,213.75713252024897,208.3792815854295,209.2073974609375,86172500,0.0,0.0,198.94608612060546,10.254725582916981,1.0006422168357223,219.4555372864394,178.4366349547715,65.26792068705927,185.49553680419922,190.75528357794542,7.860259069690045,4.801467681360971
2024-06-21 00:00:00-04:00,209.91581187096148,211.41243109582913,206.64320571720273,207.02235412597656,246421400,0.0,0.0,199.7737174987793,10.202441654126481,0.7104805764084411,220.17860080703224,179.36883419052634,61.68084227293531,186.2924819946289,191.39320791316234,7.356819443260434,4.799164659737073
2024-06-24 00:00:00-04:00,207.25183162238307,212.22060318958276,206.1243736003879,207.67088317871094,80727000,0.0,0.0,200.83432159423828,9.841606386447603,0.6946591151914954,220.5175343671335,181.15110882134306,62.342370135919865,186.95772125244142,192.03154811965445,6.930282800626173,4.891812154698343
2024-06-25 00:00:00-04:00,208.67859169129048,210.90357646615678,208.13981549353107,208.59878540039062,56713900,0.0,0.0,201.78667068481445,9.611230872755232,0.7087661097483715,221.0091324303249,182.564208939304,63.31812598441779,187.6114273071289,192.68124369929117,6.591144778632184,4.773303664180307
2024-06-26 00:00:00-04:00,211.0233076661301,214.37573529051122,210.16524538059215,212.7693634033203,66213200,0.0,0.0,202.94704971313476,9.457332119540993,1.0385924451030355,221.86171395221675,184.03238547405277,67.40605901565442,188.42546661376954,193.46901309944917,6.5830212712793355,4.844992680318898
2024-06-27 00:00:00-04:00,214.2061287476001,215.25376527623442,211.8714063519454,213.61746215820312,49772700,0.0,0.0,204.13486709594727,9.216059450949086,1.0289207782051926,222.56698599784545,185.7027481940491,68.18257804990024,189.32242919921876,194.2591483566552,6.569291116092927,4.740518840602476
2024-06-28 00:00:00-04:00,215.28368048569334,215.58300736088682,209.8260080950157,210.14527893066406,82542700,0.0,0.0,205.09918823242188,8.751100876084733,0.5766235322497867,222.60138998459135,187.5969864802524,61.70143795830036,190.17744873046874,194.88213386936144,6.206686878167773,4.813124585264522
2024-07-01 00:00:00-04:00,211.61197396968475,217.01975619065925,211.4423589537816,216.261474609375,60402900,0.0,0.0,206.32142791748046,8.501850584039605,1.1691627127104345,223.32512908555967,189.31772674940126,67.55236244355174,191.17392333984375,195.72053938857766,6.339765413956428,4.960364062030998
2024-07-02 00:00:00-04:00,215.66281990345283,219.88329699479613,214.61519864650157,219.77354431152344,58046200,0.0,0.0,207.63047103881837,8.45425581323409,1.43632669048133,224.53898266528654,190.7219594123502,70.35319036787173,192.28129180908203,196.66379448359515,6.651946289586675,4.982345082478395
2024-07-03 00:00:00-04:00,219.50414962607874,221.0506591796875,218.53633465750286,221.0506591796875,37369800,0.0,0.0,208.98740615844727,8.313251133742618,1.451087285487713,225.6139084259325,192.36090389096205,71.32257259357829,193.39746307373048,197.62014211873603,6.922604899126725,4.80605789960027
2024-07-05 00:00:00-04:00,221.15041758535088,225.93960192344272,221.15041758535088,225.82984924316406,60412400,0.0,0.0,210.5074722290039,8.481265528256383,1.8066144684554182,227.47000328551667,193.54494117249112,74.6615002528375,194.58809478759767,198.72640514322342,7.437015211959647,4.811978245611338
2024-07-08 00:00:00-04:00,226.57816816685514,227.33646497984205,222.74682662809306,227.30653381347656,59085900,0.0,0.0,212.17071533203125,8.342862586668648,1.8142236341793962,228.85644050536854,195.48499015869396,75.6065573239639,195.7660125732422,199.8471945028412,7.873089124067803,4.796096824621171
2024-07-09 00:00:00-04:00,227.41627168952732,228.8829597417087,225.85979013808537,228.16458129882812,48076100,0.0,0.0,213.75663299560546,8.210087881818673,1.7549079267627845,230.17680875924282,197.3364572319681,76.16289555736186,196.94375427246095,200.95768025954658,8.19346889308008,4.669459165978468
2024-07-10 00:00:00-04:00,228.78319647541346,232.55467572482934,228.73330612276442,232.45489501953125,62627700,0.0,0.0,215.7451416015625,7.633794654284271,2.1889183786979176,231.01273091013104,200.47755229299395,78.77010578375169,198.21906005859375,202.192865152095,8.693353067113549,4.649504541694378
2024-07-11 00:00:00-04:00,230.86848076037649,231.86622690917008,225.26115227596378,227.05709838867188,64710600,0.0,0.0,216.7638412475586,7.719784847553403,1.3333606239525553,232.20341094266539,201.3242715524518,68.60339822745301,199.30271270751953,203.16793312215685,8.555337197958835,4.83123584182817
2024-07-12 00:00:00-04:00,228.40404188598967,232.11565870158282,228.1645773343909,230.0203857421875,53046500,0.0,0.0,217.63537139892577,8.193156306417846,1.5116292037002061,234.02168401176147,201.24905878609007,70.82930805353755,200.5088024902344,204.22097047980512,8.586095981688317,4.847473304048369
2024-07-15 00:00:00-04:00,235.94700263838575,236.69531224247876,232.5646438368613,233.87168884277344,62631300,0.0,0.0,218.6410987854004,8.896409617123497,1.7119928952077172,236.4339180196474,200.8482795511534,73.46261597948975,201.81244415283203,205.38374374894113,8.819573954381383,4.978005675208576
2024-07-16 00:00:00-04:00,234.47032795283747,235.73746973269033,231.8063477557903,234.29074096679688,43234300,0.0,0.0,219.75508193969728,9.402997649930176,1.5458537339108593,238.56107723955762,200.94908663983693,73.74038784347889,203.05013549804687,206.5173514829747,8.935418986135602,4.9032282681865365
2024-07-17 00:00:00-04:00,228.9328431112231,230.93832254659503,226.12917896312734,228.3641357421875,57345900,0.0,0.0,220.36420593261718,9.552725497302282,0.8374499834449888,239.46965692722173,201.25875493801263,63.60089953527755,203.96304107666015,207.3740881205909,8.4515750018017,5.135966392149608
2024-07-18 00:00:00-04:00,229.76098610155705,229.92062914212065,221.7690447852705,223.6747283935547,66034600,0.0,0.0,220.85759201049805,9.45051050317923,0.2980935667029762,239.75861301685651,201.9565710041396,56.93049428968828,204.81543792724608,208.0133289156091,7.602096934961963,5.3513676753425035
2024-07-19 00:00:00-04:00,224.31328836166992,226.28882140195597,222.77675082247163,223.80442810058594,49151500,0.0,0.0,221.58744354248046,9.05897046365998,0.24472809211586502,239.7053844698004,203.4695026151605,57.06461937071556,205.65667877197265,208.6325877071768,6.860264273070499,5.219989311352635
2024-07-22 00:00:00-04:00,226.4983442399413,227.26661302541467,222.58718122432802,223.45523071289062,48201800,0.0,0.0,222.40908737182616,8.388835936199516,0.1247066159143899,239.1867592442252,205.63141549942713,56.553973402356675,206.48416015625,209.21386782504794,6.173020495384179,5.181378060619351
2024-07-23 00:00:00-04:00,223.86429647317826,226.42851135969482,222.1781030613285,224.5028533935547,39960300,0.0,0.0,223.25068588256835,7.643649690309136,0.16381801387024286,238.5379852631866,207.96338650195008,57.77477078036474,207.29612548828126,209.813435886558,5.647804866362293,5.11488022045842
2024-07-24 00:00:00-04:00,223.49514031921132,224.29334029380243,216.64062905712152,218.0474395751953,61777600,0.0,0.0,223.7231185913086,6.951008871436149,-0.8165259347368147,237.6251363341809,209.82110084843632,48.694878621396484,208.00432556152344,210.13633799199476,4.656986905221146,5.3111190858851876
2024-07-25 00:00:00-04:00,218.4365585703147,220.35224458682225,214.13627507494223,216.99981689453125,51391200,0.0,0.0,223.93464126586915,6.658343236458426,-1.0415240135662533,237.251327738786,210.6179547929523,47.39314104800452,208.627119140625,210.40549402738836,3.744062910938254,5.375751259170533
2024-07-26 00:00:00-04:00,218.20707238174316,218.99530033853074,215.52313289555326,217.46875,41601300,0.0,0.0,224.127205657959,6.39473098341911,-1.0412409333908959,236.9166676247972,211.33774369112078,48.06242818684402,209.2363430786133,210.68248445768685,3.0235494547604276,5.239780986585315
2024-07-29 00:00:00-04:00,216.47100932714253,218.80573164190093,215.26372979848315,217.7481231689453,36311800,0.0,0.0,224.50734786987306,5.709029593198583,-1.1839533480401478,235.92540705627022,213.0892886834759,48.48294140344587,209.8054574584961,210.9595683287166,2.446874384853089,5.118511047787634
2024-07-30 00:00:00-04:00,218.6959746261333,219.8334045947242,215.63288672795753,218.30685424804688,41643800,0.0,0.0,224.60961685180663,5.570173745079669,-1.1315199295762026,235.74996434196598,213.4692693616473,49.36590715962652,210.38335205078124,211.2476971882982,2.0117499644853467,5.052940106286136
2024-07-31 00:00:00-04:00,220.94091084366266,223.3155515626994,220.13273889458495,221.5794677734375,50036300,0.0,0.0,224.69991302490234,5.50187055895236,-0.5671607897767453,235.70365414280707,213.69617190699762,54.305932697053734,211.02610046386718,211.65286466222523,1.9089777800177217,5.049779906883735
2024-08-01 00:00:00-04:00,223.86429233538576,223.9740450176905,216.53086747941563,217.8678436279297,62501000,0.0,0.0,224.54077224731446,5.656829203799772,-1.179623492062033,235.854430654914,213.22711383971492,48.52371834445833,211.57126892089843,211.89658932754696,1.5106195523171664,5.22073688055453
2024-08-02 00:00:00-04:00,218.65606496292435,225.09153987705304,217.2193232804361,219.36447143554688,105568600,0.0,0.0,224.2175033569336,5.7630261205705535,-0.8420978527347484,235.74355559807472,212.6914511157925,50.798600323344026,212.12022888183594,212.1894474494293,1.3006896029905874,5.410128288844702
2024-08-05 00:00:00-04:00,198.64127617987643,213.0188017705649,195.55824424838744,208.79833984375,119548600,0.0,0.0,223.29209365844727,6.657476064130654,-2.1770643521780193,236.60704578670857,209.97714153018597,38.022919566284926,212.48680114746094,212.0564628374419,0.2785096057054375,6.72413535301004
2024-08-06 00:00:00-04:00,204.83729660703725,209.51672869129231,200.6168344706096,206.762939453125,69660500,0.0,0.0,222.2220115661621,7.499782637545136,-2.06126935408054,237.22157684125239,207.22244629107183,36.13749619767137,212.8928839111328,211.84887368511576,-0.6878856894904004,6.879546700700945
2024-08-07 00:00:00-04:00,206.43367474426563,213.15848935419993,205.9248296826355,209.34710693359375,63516400,0.0,0.0,221.06662216186524,7.619368756193536,-1.5381215430405675,236.30535967425232,205.82788464947816,40.19235392913558,213.28878997802735,211.75076518505608,-1.2310494329883284,6.90484048433405
2024-08-08 00:00:00-04:00,212.6296774525561,213.71721707569145,208.35932525259923,212.8292236328125,47161100,0.0,0.0,220.35522842407227,7.694455053079617,-0.9781075773842579,235.7441385302315,204.96631831791302,45.23799516412321,213.75413879394532,211.7930576732034,-1.3648003280078456,6.794344151388205
2024-08-09 00:00:00-04:00,211.62197118803232,216.29141600978787,211.4922593126285,215.7526397705078,42201600,0.0,0.0,219.64184112548827,7.407244889785334,-0.5250537025370534,234.45633090505893,204.8273513459176,49.119025850501416,214.2719692993164,211.94833540250946,-1.220830649839371,6.65183076180043
2024-08-12 00:00:00-04:00,215.83255236617862,219.26875909808805,215.36306766380915,217.2909393310547,38028100,0.25,0.0,218.81280364990235,6.616448287011264,-0.23001227438522126,232.04570022392488,205.57990707587982,51.083551115011566,214.80061096191406,212.15784928206025,-0.9714079381840861,6.45567795269175
2024-08-13 00:00:00-04:00,218.76929897291208,221.646138683676,218.76929897291208,221.02682495117188,44155300,0.0,0.0,218.14960784912108,5.564498105198848,0.5170667772108037,229.27860405951878,207.02061163872338,55.57012318561165,215.38481384277344,212.5056522494764,-0.4669017421122419,6.305643766972435
2024-08-14 00:00:00-04:00,220.3276035510778,222.7848915052682,219.45854930599305,221.47633361816406,41960600,0.0,0.0,217.80521774291992,5.092138303056595,0.7209379747287157,227.98949434903312,207.62094113680672,56.09195791679641,215.9424868774414,212.85744367569947,-0.030454296061009245,6.092836512136915
2024-08-15 00:00:00-04:00,224.35317447515422,225.10235023777113,222.5151850202656,224.47303771972656,46414000,0.0,0.0,217.84513320922852,5.1434392575592955,1.2886133535565782,228.1320117243471,207.55825469410993,59.5065086553984,216.55370849609375,213.3129571676221,0.5508920848281491,5.916635091241926
2024-08-16 00:00:00-04:00,223.67391069385005,226.5807162697698,223.40420315535758,225.80157470703125,44340200,0.0,0.0,217.9449905395508,5.282726152805942,1.4872215481598274,228.5104428451627,207.3795382339389,60.95613725046654,217.16116943359376,213.80270687504992,1.1060650821208355,5.720912092896947
2024-08-19 00:00:00-04:00,225.4719428035102,225.74165035068273,222.79488010428776,225.64175415039062,40687800,0.0,0.0,218.05431671142577,5.423511658953961,1.3989897903950026,228.90134002933368,207.20729339351786,60.6747378905252,217.79317108154297,214.26698323878878,1.515675732665187,5.5270394150288435
2024-08-20 00:00:00-04:00,225.52188562847152,226.92034094772856,225.20222998863,226.2610626220703,30299000,0.0,0.0,218.14222717285156,5.546395622848651,1.4638038829709163,229.23501841854886,207.04943592715426,61.41801255190426,218.3894677734375,214.73733929303512,1.8687266249046957,5.25497309674811
2024-08-21 00:00:00-04:00,226.2710625686077,227.7294495174454,224.80267685471037,226.15118408203125,34765500,0.0,0.0,218.54741439819335,5.827965502330642,1.304703962437166,230.20334540285464,206.89148339353207,61.19700941196339,219.05879699707032,215.18494104946635,2.115272179734177,5.088673065747175
2024-08-22 00:00:00-04:00,227.53966079897057,228.08905941841815,223.65393636981634,224.2832489013672,43695300,0.0,0.0,218.91158599853514,5.952402329512431,0.9024361267045002,230.81639065756002,207.00678133951027,57.414680909390974,219.41079986572265,215.5417374358154,2.1353199113597725,5.041990921665364
2024-08-23 00:00:00-04:00,225.41200238324527,227.96918649391685,224.0834622297127,226.5906982421875,38677300,0.0,0.0,219.36768341064453,6.181114141184218,1.1685619560746594,231.72991169301298,207.00545512827608,60.65008067041534,219.69081817626954,215.97503001645745,2.3107627264439827,4.95940044613242
2024-08-26 00:00:00-04:00,226.5107917661563,227.03022456881217,223.64395069142014,226.93032836914062,30602200,0.0,0.0,219.8267936706543,6.391903790509458,1.111333169475029,232.61060125167322,207.04298608963538,61.118324145743934,219.95428192138672,216.40464955969995,2.4489774466635765,4.847034262650964
2024-08-27 00:00:00-04:00,225.75162066501636,228.5984945445466,224.64283997153836,227.77938842773438,35934600,0.0,0.0,220.30042037963867,6.6202216118421315,1.1297156631006835,233.54086360332292,207.0599771559544,62.32528921785566,220.26964813232422,216.85071775060325,2.5970880447101763,4.783364284819341
2024-08-28 00:00:00-04:00,227.6695099550691,229.6073802985885,225.4319662685897,226.2410888671875,38052200,0.0,0.0,220.53350143432618,6.748443851384202,0.8457634913403939,234.03038913709457,207.0366137315578,58.76600180150516,220.47083679199218,217.21896759831245,2.560819311344545,4.739939266617875
2024-08-29 00:00:00-04:00,229.8471324488683,232.66402541964027,228.62847197635801,229.53746032714844,51906300,0.0,0.0,221.11698226928712,7.005430000694273,1.2019930335506608,235.12784227067567,207.10612226789857,63.56741084146753,220.7854458618164,217.70204574454132,2.7661789180624226,4.860153358463224
2024-08-30 00:00:00-04:00,229.93703146120657,230.14679214282077,227.23000295250677,228.7483367919922,52990800,0.0,0.0,221.58617553710937,7.193595000434918,0.9956303148077978,235.9733655379792,207.19898553623955,61.71475064518715,221.1762646484375,218.1352336287551,2.8325997647598626,4.72134163216685
2024-09-03 00:00:00-04:00,228.29882348382426,228.74832587928796,220.92692932694945,222.52517700195312,50190600,0.0,0.0,222.27251739501952,6.533879522545298,0.038669156059856546,235.34027644011013,209.2047583499289,49.46991292362348,221.48632110595702,218.3073882708413,2.355924151260325,4.9427749059437
2024-09-04 00:00:00-04:00,221.4164072047842,221.53627045160738,217.24099295020864,220.6072998046875,43840200,0.0,0.0,222.96473541259766,5.447272019807892,-0.4327736157360655,233.85927945221346,212.07019137298187,46.413560257358576,221.74504943847657,218.39758088001176,1.8026191602607184,4.967161273500899
2024-09-05 00:00:00-04:00,221.38642912323468,225.23218875186365,221.2765494057299,222.13560485839844,36615400,0.0,0.0,223.6041603088379,4.417983850861297,-0.3324039878853687,232.4401280105605,214.76819260711528,49.11163958622143,222.0157858276367,218.54417005563477,1.4704915031039434,4.9427132501919875
2024-09-06 00:00:00-04:00,223.7038813850335,224.99247224215048,219.5284824188554,220.57733154296875,48423000,0.0,0.0,223.9915657043457,3.705712645569358,-0.9213434736930011,231.40299099548443,216.58014041320698,46.538684631308804,222.17194519042968,218.62390187866748,1.0692130855468065,4.979947291127924
2024-09-09 00:00:00-04:00,220.57732363843863,221.0268260349447,216.47183996524672,220.66722106933594,67180000,0.0,0.0,224.2372947692871,3.2676849141172046,-1.0925391504326403,230.77266459752153,217.70192494105268,46.712115488652415,222.31294036865233,218.70403204300743,0.7498070729197082,4.9495929181686416
2024-09-10 00:00:00-04:00,218.67940838073807,221.23659254048482,216.49181271910507,219.86810302734375,51591000,0.0,0.0,224.36615295410155,3.020834872651898,-1.4890088721761547,230.40782269940536,218.32448320879774,45.30503252502842,222.50739685058593,218.74968188553044,0.4272680787888703,4.934963411255149
2024-09-11 00:00:00-04:00,221.21662032032157,222.84481857216005,217.65053646391294,222.41529846191406,44587100,0.0,0.0,224.43557662963866,2.9552963341734624,-0.6836127207830851,230.3461692979856,218.52498396129172,50.43057744074149,222.6304733276367,218.89343155519254,0.3728925131673009,4.953486175326003
2024-09-12 00:00:00-04:00,222.25546946786713,223.30431855196207,219.57842214055833,222.52517700195312,37498200,0.0,0.0,224.48801879882814,2.908963063099952,-0.674756521240699,230.30594492502803,218.67009267262824,50.645437296342756,222.68550598144532,219.03585294526158,0.3348063266217025,4.865801192188699
2024-09-13 00:00:00-04:00,223.33429284055268,223.7937787761964,221.66612995902517,222.25547790527344,36766600,0.0,0.0,224.37714080810548,2.951515148629916,-0.7188385612104724,230.2801711053653,218.47411051084566,50.07173661095767,222.70960235595703,219.162112747615,0.2796368072098687,4.670218879687452
2024-09-16 00:00:00-04:00,216.302019591785,216.98128020943747,213.6849038037586,216.082275390625,59357400,0.0,0.0,223.89117584228515,3.4608329783818506,-2.256364436087663,230.81284179904884,216.96950988552146,39.14211655142542,222.51465087890625,219.04133481204676,-0.2592231229247375,4.948815681246551
2024-09-17 00:00:00-04:00,215.51289221314667,216.6616222741377,214.26426595466958,216.55174255371094,45519300,0.0,0.0,223.43667526245116,3.799177710367303,-1.8122165462153625,231.03503068318577,215.83831984171655,40.21095823860179,222.29955505371095,218.9437037430924,-0.6410023472236333,4.766568583976663
2024-09-18 00:00:00-04:00,217.31091546092293,222.46524827574677,217.30091669603667,220.4474639892578,59894900,0.0,0.0,223.14599533081054,3.794106217817309,-0.7112429612224053,230.73420776644517,215.5577828951759,48.32188631337625,222.14521270751953,219.00267473313812,-0.6220424529159061,4.848492665266604
2024-09-19 00:00:00-04:00,224.74274368478322,229.56743739121873,224.38313871157,228.61846923828125,66781300,0.0,0.0,223.26935958862305,3.9344767209409035,1.3595479218845141,231.13831303050486,215.40040614674123,60.44304396156132,222.06848419189453,219.379764713732,0.051719050556869206,5.15359843217334
2024-09-20 00:00:00-04:00,229.7172625160979,232.83382873595048,227.36983908638868,227.94920349121094,318679900,0.0,0.0,223.45265731811523,4.067347775084718,1.1055229160978375,231.58735286828465,215.3179617679458,59.217869272964336,222.08632629394532,219.71582113637822,0.5256167609124702,5.175769233415373
2024-09-23 00:00:00-04:00,227.09015412184934,229.19783588273827,225.56183678133013,226.2211151123047,54146000,0.0,0.0,223.4341781616211,4.053155162656467,0.687596906321495,231.54048848693404,215.32786783630817,56.058191426881905,222.01034088134764,219.97093070406163,0.753061002208085,5.065785652557714
2024-09-24 00:00:00-04:00,228.39870925768025,229.09795215651428,225.48192014495527,227.1201171875,43556100,0.0,0.0,223.44366760253905,4.061983880853674,0.9050871920713529,231.5676353642464,215.3196998408317,57.33361746505772,221.87530944824218,220.25129095831412,0.9943914308489354,4.962231821057807
2024-09-25 00:00:00-04:00,224.6827959331431,227.04020291666632,223.77380760174057,226.1212158203125,42308700,0.0,0.0,223.36075897216796,3.9850236774219323,0.6927077657742777,231.33080632701183,215.3907116173241,55.409172001362194,221.7119189453125,220.4814840901572,1.092451441879092,4.846808804250779
2024-09-26 00:00:00-04:00,227.05019905798116,228.24887720276465,225.16227678839184,227.26995849609375,36636700,0.0,0.0,223.41220245361328,4.03054438311351,0.9571302721892967,231.4732912198403,215.35111368738626,57.18883645670224,221.69003540039063,220.74769877274295,1.2484670891373355,4.72107963354521
2024-09-27 00:00:00-04:00,228.20893469195548,229.26776733886913,227.05020584581527,227.53965759277344,34026000,0.0,0.0,223.31231231689452,3.893165493128952,1.0858375487350227,231.09864330315241,215.52598133063663,57.616527880239765,221.767333984375,221.01405009901868,1.3779884832869413,4.5422569092244
2024-09-30 00:00:00-04:00,229.78718847660608,232.7439422607422,229.39761768078608,232.7439422607422,54541900,0.0,0.0,223.51209259033203,4.270985660499402,2.161526730420042,232.05406391133084,214.97012126933322,64.90289487857933,221.9461242675781,221.47404587006667,1.8789183982758857,4.589544606277569
2024-10-01 00:00:00-04:00,229.2677705196639,229.3976172900359,223.49412373913023,225.96141052246094,63285000,0.0,0.0,223.68390426635742,4.298223761933402,0.5298714962850298,232.28035179022422,215.08745674249062,52.28686784109657,221.99624786376953,221.6500209544743,1.7089160175265476,4.922421314515739
2024-10-02 00:00:00-04:00,225.64175566026316,227.12012493395358,222.77491454853467,226.53077697753906,32880600,0.0,0.0,223.980078125,4.279108569086558,0.5960818267070851,232.53829526317313,215.42186098682689,53.11084593498346,222.03680633544923,221.84142315145724,1.6016679889396812,4.881191962437394
2024-10-03 00:00:00-04:00,224.8925655126969,226.56072831643584,223.0745736591087,225.42198181152344,34044200,0.0,0.0,224.14439697265624,4.267636001043642,0.2993659343380663,232.67966897474352,215.60912497056896,51.25452079267518,222.18429718017578,221.98183721655786,1.4109382326274726,4.7815464406438055
2024-10-04 00:00:00-04:00,227.6495326914976,227.74942888869526,223.88368688105714,226.55075073242188,37245100,0.0,0.0,224.4430679321289,4.213537827848489,0.5002168928833813,232.87014358782588,216.01599227643194,53.053445372906786,222.37531585693358,222.16101029561136,1.335471263592666,4.716131838286257
2024-10-07 00:00:00-04:00,224.25327473060864,225.44196936055414,221.08676038639473,221.4463653564453,39505400,0.0,0.0,224.48202514648438,4.180260461617772,-0.7261891496742415,232.84254606971993,216.12150422324882,44.97113449071199,222.4548681640625,222.13298500387936,0.8539382377628044,4.769550303124892
2024-10-08 00:00:00-04:00,224.05349542674807,225.73164177618557,223.0046463373399,225.52188110351562,31855700,0.0,0.0,224.76471405029298,4.040660027998821,0.18738697340930208,232.84603410629063,216.68339399429533,51.34461516788585,222.61034332275392,222.2658828901396,0.7920496504799246,4.734959311454561
2024-10-09 00:00:00-04:00,224.9824739985636,229.49751090746852,224.58291968465133,229.28773498535156,33591100,0.0,0.0,225.10833587646485,4.12175346794049,1.013985708120245,233.35184281234584,216.86482894058386,56.372777100533675,222.8299609375,222.54124963897146,1.0349452304990052,4.747790162266178
2024-10-10 00:00:00-04:00,227.5296744960524,229.24778548023318,226.9203442604764,228.7882843017578,28183500,0.0,0.0,225.42149124145507,4.152970822185232,0.8106950914071637,233.72743288582552,217.11554959708462,55.55280669180365,222.9741372680664,222.78623139045328,1.1736115679423733,4.577761631023961
2024-10-11 00:00:00-04:00,229.04800351672907,229.15788323697032,227.09015084025384,227.2999267578125,31759200,0.0,0.0,225.67371368408203,4.103456326725045,0.39630324883421975,233.88062633753214,217.46680103063193,53.075268847794675,223.16277893066408,222.96323905191835,1.150149417784803,4.398473828573427
2024-10-14 00:00:00-04:00,228.44865815944695,231.47532700331138,228.34877720356226,231.04580688476562,39882100,0.0,0.0,226.42189025878906,3.5952970433045275,1.2861014181255535,233.61248434539812,219.23129617218,58.13571964934082,223.39640563964844,223.28020249634375,1.4174769237398266,4.382540001210959
2024-10-15 00:00:00-04:00,233.3532605949055,237.22900130875718,232.11461788171079,233.59300231933594,64751400,0.0,0.0,227.27395324707032,3.1210816403358033,2.024634341697558,233.51611652774193,221.03178996639872,61.19989353432209,223.89229888916014,223.68462601881404,1.8139630451376547,4.511158174266716
2024-10-16 00:00:00-04:00,231.34547369396782,231.86489123072647,229.5873982094942,231.5252685546875,34082200,0.0,0.0,227.8278434753418,2.813676187420116,1.314090475612225,233.45519585018204,222.20049110050158,57.51943902734818,224.3875454711914,223.99210219669143,1.9389809533817868,4.475047169664931
2024-10-17 00:00:00-04:00,233.17345903647427,233.59301088010824,230.26666863657624,231.89486694335938,32993800,0.0,0.0,227.9916633605957,2.9540120065477424,1.3213228565462782,233.8996873736912,222.08363934750022,58.00558031222716,224.83850067138673,224.30201453969804,2.04431644009523,4.392996817798293
2024-10-18 00:00:00-04:00,235.9204255737285,235.9204255737285,233.75281228137578,234.74172973632812,46431500,0.0,0.0,228.33128967285157,3.3170391391189558,1.932578964135842,234.9653679510895,221.69721139461365,61.64640287590655,225.27675079345704,224.71141513564433,2.330647355448349,4.366751232981923
2024-10-21 00:00:00-04:00,234.19234018879644,236.5897117727769,234.19234018879644,236.22010803222656,36254500,0.0,0.0,228.83123931884765,3.712240420264726,1.990406837079803,236.2557201593771,221.4067584783182,63.4200014801077,225.6861001586914,225.16273642570638,2.646353921218946,4.226081258053247
2024-10-22 00:00:00-04:00,233.6329632952546,235.96040454410334,232.3443876620224,235.60079956054688,38846600,0.0,0.0,229.2552734375,3.98111831723781,1.593905434955661,237.21751007197562,221.29303680302436,62.12397288426054,226.05229736328124,225.57207223491582,2.814140965934058,4.2010554803497415
2024-10-23 00:00:00-04:00,233.822752128634,234.88158476901867,227.50969037853835,230.5063934326172,52287000,0.0,0.0,229.47453231811522,3.91970899175491,0.2632494189421918,237.31395030162506,221.6351143346054,52.60135246094447,226.24188873291016,225.76557502698256,2.5071366977029754,4.478916459039654
2024-10-24 00:00:00-04:00,229.7272566761152,230.56634513279107,228.15898997077215,230.31661987304688,31109500,0.0,0.0,229.6268653869629,3.8886008270935495,0.17737857824803438,237.40406704115,221.84966373277578,52.279869051109216,226.41869445800782,225.94404737388706,2.2228962982091502,4.330947794966744
2024-10-25 00:00:00-04:00,229.4875225740561,232.96369380669327,229.3177112321018,231.1556854248047,38802300,0.0,0.0,229.80766677856445,3.87046973162351,0.34828295780904955,237.54860624181148,222.06672731531742,53.62929852627521,226.55234741210938,226.14842533666814,2.0418026811025527,4.282021707797082
2024-10-28 00:00:00-04:00,233.06359498314518,234.472033847566,232.29443692443334,233.14349365234375,36087100,0.0,0.0,229.82764434814453,3.887417137947328,0.8529697705531252,237.60247862403918,222.05281007224988,56.749636276960764,226.69918579101562,226.42274174120445,2.0352234074340743,4.213045044580241
2024-10-29 00:00:00-04:00,232.84382710997653,234.07247106119948,232.06468555632105,233.41319274902344,35417200,0.0,0.0,230.20023345947266,3.8543220340855324,0.8335990768641315,237.9088775276437,222.4915893913016,57.17073915567119,226.85461456298827,226.69687707484442,2.0283897345522064,4.0555265060301116
2024-10-30 00:00:00-04:00,232.35435817157438,233.21341362628857,229.29772360355057,229.8471221923828,47070900,0.0,0.0,230.36605072021484,3.7582893499517143,-0.13807572528674472,237.88262942011826,222.84947202031142,50.20959978319513,226.92633575439453,226.82041609906162,1.7154472998893482,4.059808123133165
2024-10-31 00:00:00-04:00,229.08795100904055,229.57741798472995,225.1223128313268,225.66172790527344,64370100,0.0,0.0,230.37803802490234,3.742037158280338,-1.260358975643174,237.86211234146302,222.89396370834166,43.51296882408952,226.9165466308594,226.77497734636404,1.1168376167813676,4.107308211556225
2024-11-01 00:00:00-04:00,220.72715344034327,225.10234466312102,220.02792579428782,222.66502380371094,65276700,0.0,0.0,230.1837516784668,4.040202681562272,-1.8609778932794776,238.26415704159135,222.10334631534224,39.455380254960325,226.88418212890625,226.61380269763256,0.3960606134606621,4.216343490086895
2024-11-04 00:00:00-05:00,220.74713841963055,222.54514803369162,219.46854635353304,221.76600646972656,44944500,0.0,0.0,230.19973373413086,4.0042932393732285,-2.106171241775586,238.2083202128773,222.1911472553844,38.30146590207868,226.78768829345702,226.42369304163626,-0.24488070767495174,4.143495915807681
2024-11-05 00:00:00-05:00,221.5562414690178,223.70387248945224,220.896963160989,223.2044219970703,28111300,0.0,0.0,230.0838607788086,4.176604468378544,-1.6471367671569452,238.43706971556568,221.73065184205151,41.26146405475445,226.71317016601563,226.29744711831995,-0.629506649885684,4.048025445283078
2024-11-06 00:00:00-05:00,222.36535526416637,225.82155947797517,220.94691765378838,222.47523498535156,54561100,0.0,0.0,229.74323577880858,4.509483195933131,-1.6117147969442822,238.76220217067484,220.72426938694232,40.20835783954685,226.60708709716798,226.14755644643884,-0.9818466608159895,4.1070694723476295
2024-11-07 00:00:00-05:00,224.38313701629485,227.629565273657,224.32320539488208,227.22999572753906,42137700,0.0,0.0,229.66532135009766,4.540208465312548,-0.5363907056613414,238.74573828072275,220.58490441947256,49.29587531892757,226.626865234375,226.1900050456977,-0.8674102379707449,4.181873816344615
2024-11-08 00:00:00-05:00,227.1699981689453,228.66000366210938,226.41000366210938,226.9600067138672,38328800,0.25,0.0,229.6483253479004,4.55015455887516,-0.5908191906997079,238.74863446565072,220.54801623015007,48.84193397668503,226.57531616210937,226.22020118954748,-0.7894046401031858,4.0438828294628575
2024-11-11 00:00:00-05:00,225.0,225.6999969482422,221.5,224.22999572753906,42005600,0.0,0.0,229.30753479003906,4.692977961670922,-1.0819439392151227,238.6934907133809,219.92157886669722,44.390665431674684,226.48494934082032,226.14215391652755,-0.9370717331037497,4.145034535491738
2024-11-12 00:00:00-05:00,224.5500030517578,225.58999633789062,223.36000061035156,224.22999572753906,40398300,0.0,0.0,228.83938446044922,4.709954057159442,-0.9786483428439362,238.2592925747681,219.41947634613035,44.390665431674684,226.51904571533203,226.06716732088094,-1.0420864443366042,4.008246049209403
2024-11-13 00:00:00-05:00,224.00999450683594,226.64999389648438,222.75999450683594,225.1199951171875,48566200,0.0,0.0,228.5191207885742,4.7354107503669605,-0.7178101015045644,237.98994228930815,219.04829928784028,46.24300501859956,226.60929962158204,226.03002331289298,-1.0414901961928535,3.999799859240763
2024-11-14 00:00:00-05:00,225.02000427246094,228.8699951171875,225.0,228.22000122070312,44923900,0.0,0.0,228.33537750244142,4.668352369268753,-0.024714561500927375,237.6720822409789,218.99867276390393,52.21380941995435,226.73098754882812,226.11590479947378,-0.7818602818830129,3.9905280919512442
2024-11-15 00:00:00-05:00,226.39999389648438,226.9199981689453,224.27000427246094,225.0,47923700,0.0,0.0,227.848291015625,4.46869280460044,-0.6373879656020949,236.78567662482587,218.91090540642412,46.44347789395312,226.81944091796876,226.0721438269454,-0.8264026369170665,3.9876330102577406
2024-11-18 00:00:00-05:00,225.25,229.74000549316406,225.1699981689453,228.02000427246094,44686000,0.0,0.0,227.43828582763672,4.013104668034677,0.1449547153498744,235.46449516370606,219.41207649156738,51.82130262501613,226.96649658203125,226.14853051108327,-0.6109707778224731,4.041373901893906
2024-11-19 00:00:00-05:00,226.97999572753906,230.16000366210938,226.66000366210938,228.27999877929688,36211800,0.0,0.0,227.0722457885742,3.5347695265041006,0.3416780023893494,234.14178484158242,220.002706735566,52.26569457495004,227.13473449707033,226.2321175019936,-0.4144822007463915,4.002704337472913
2024-11-20 00:00:00-05:00,228.05999755859375,229.92999267578125,225.88999938964844,229.0,35169600,0.0,0.0,226.99692611694337,3.47325663731522,0.5767134687187925,233.9434393915738,220.05041284231294,53.5436335400521,227.26642852783203,226.34066191368012,-0.19837872018058533,4.005367833805763
2024-11-21 00:00:00-05:00,228.8800048828125,230.16000366210938,225.7100067138672,228.52000427246094,42108300,0.0,0.0,226.90709533691407,3.4054502040816756,0.4736257583839231,233.71799574507742,220.09619492875072,52.53389729066438,227.38632507324218,226.4261263199068,-0.06509640774405057,4.037127056265507
2024-11-22 00:00:00-05:00,228.05999755859375,230.72000122070312,228.05999755859375,229.8699951171875,38168300,0.0,0.0,226.8428108215332,3.332379726196827,0.9084151700530144,233.50757027392686,220.17805136913952,55.09860611474923,227.53861541748046,226.56117999823155,0.14776047317724306,3.938761099540069
2024-11-25 00:00:00-05:00,231.4600067138672,233.25,229.74000549316406,232.8699951171875,90152800,0.0,0.0,226.8291358947754,3.3056167867709774,1.8274529723431725,233.44036946831736,220.21790232123342,60.23994868898236,227.8743698120117,226.8085845127004,0.5521610440052882,3.908134914346917
2024-11-26 00:00:00-05:00,233.3300018310547,235.57000732421875,233.3300018310547,235.05999755859375,45986200,0.0,0.0,226.9114761352539,3.4934271006500115,2.33252940123573,233.89833033655393,219.9246219339539,63.523459075120975,228.24453491210937,227.13216933802957,1.0374077139798317,3.8218404352529407
2024-11-27 00:00:00-05:00,234.47000122070312,235.69000244140625,233.80999755859375,234.92999267578125,33498400,0.0,0.0,227.16561965942384,3.8815585337253693,2.0003235681996703,234.92873672687458,219.4025025919731,63.189849484254694,228.53418548583986,227.4379663316669,1.3953936589038562,3.6831378957929095
2024-11-29 00:00:00-05:00,234.80999755859375,237.80999755859375,233.97000122070312,237.3300018310547,28481400,0.0,0.0,227.7490333557129,4.475129989681595,2.1409363521133105,236.69929333507608,218.79877337634971,66.6698519311368,228.7084161376953,227.8258892924272,1.8514187773259323,3.6943420702284606
2024-12-02 00:00:00-05:00,237.27000427246094,240.7899932861328,237.16000366210938,239.58999633789062,48137100,0.0,0.0,228.59528198242188,5.0291125957962235,2.186213600518528,238.65350717401432,218.53705679082944,69.58572486667079,228.9412319946289,228.28722682362186,2.3678890868648637,3.689745466928102
2024-12-03 00:00:00-05:00,239.80999755859375,242.75999450683594,238.89999389648438,242.64999389648438,38861000,0.0,0.0,229.63948135375978,5.664461571196499,2.2968665916779094,240.96840449615277,218.31055821136678,73.02657548965912,229.2698095703125,228.8504725911851,2.989648945600976,3.701906548601206
2024-12-04 00:00:00-05:00,242.8699951171875,244.11000061035156,241.25,243.00999450683594,44383900,0.0,0.0,230.62975997924804,6.187355403393576,2.00089274341631,243.0044707860352,218.25504917246087,73.40773825236977,229.58760711669922,229.4057479604263,3.4714306620108744,3.6417704101548027
2024-12-05 00:00:00-05:00,243.99000549316406,244.5399932861328,242.1300048828125,243.0399932861328,40033900,0.0,0.0,231.65799789428712,6.463484963225206,1.7609688050030219,244.58496782073752,218.73102796783672,73.44141764860152,229.9259826660156,229.94042424770893,3.811727571369829,3.553785981095196
2024-12-06 00:00:00-05:00,242.91000366210938,244.6300048828125,242.0800018310547,242.83999633789062,36870600,0.0,0.0,232.4384979248047,6.832593711022577,1.5223352731051276,246.10368534684986,218.77331050275953,72.7796229391422,230.23738342285156,230.44628981987293,4.018949295693062,3.48208720042824
2024-12-09 00:00:00-05:00,241.8300018310547,247.24000549316406,241.75,246.75,44649200,0.0,0.0,233.42799758911133,7.406346615412271,1.798727915753523,248.24069081993588,218.61530435828678,77.12041398222587,230.62159027099608,231.08565100340732,4.447411630579609,3.6255099356236564
2024-12-10 00:00:00-05:00,246.88999938964844,248.2100067138672,245.33999633789062,247.77000427246094,36914800,0.0,0.0,234.60499801635743,7.731033671304254,1.7028778835835188,250.06706535896595,219.1429306737489,78.10148169720131,230.92211151123047,231.73993936689962,4.813786602660485,3.57154568136315
2024-12-11 00:00:00-05:00,247.9600067138672,250.8000030517578,246.25999450683594,246.49000549316406,45205800,0.0,0.0,235.71799850463867,7.761056898327455,1.3879561932920257,251.24011230129358,220.19588470798377,73.82351136588605,231.33268341064453,232.31837333263547,4.943866389245358,3.640721600188773
2024-12-12 00:00:00-05:00,246.88999938964844,248.74000549316406,245.67999267578125,247.9600067138672,32777500,0.0,0.0,236.85999908447266,7.799837589773481,1.4231075328988851,252.4596742640196,221.2603239049257,75.48430448644517,231.7612680053711,232.93177072013475,5.106705448885066,3.5992424014169186
2024-12-13 00:00:00-05:00,247.82000732421875,249.2899932861328,246.24000549316406,248.1300048828125,33155300,0.0,0.0,237.85549926757812,7.908872158024221,1.2991113536725991,253.67324358362657,222.03775495152968,75.67649921032286,232.21542846679688,233.52777990298486,5.189650942719396,3.560009929384907
2024-12-16 00:00:00-05:00,247.99000549316406,251.3800048828125,247.64999389648438,251.0399932861328,51694800,0.0,0.0,239.15749893188476,7.824112110436704,1.51870195448731,254.80572315275816,223.50927471101136,78.74786477742136,232.70521331787108,234.21453336899066,5.4276312342479685,3.572152862023708
2024-12-17 00:00:00-05:00,250.0800018310547,253.8300018310547,249.77999877929688,253.47999572753906,51356400,0.0,0.0,240.43049850463868,7.9861638407843385,1.6340132112314347,256.40282618620734,224.45817082307,80.9230581507309,233.34588592529298,234.9700416967769,5.746873751606216,3.6062850184332866
2024-12-18 00:00:00-05:00,252.16000366210938,254.27999877929688,247.74000549316406,248.0500030517578,56774100,0.0,0.0,241.41899871826172,7.618112065702933,0.8704261996025445,256.6552228496676,226.18277458685586,64.98303469346173,233.7964483642578,235.48298135775653,5.498339285353268,3.8158356089832526
2024-12-19 00:00:00-05:00,247.5,252.0,247.08999633789062,249.7899932861328,60882300,0.0,0.0,242.45849838256837,7.243537327619924,1.0121429036624325,256.94557303780823,227.97142372732853,67.21181036269166,234.20649353027343,236.0440406490654,5.379762052309189,3.893990469920833
2024-12-20 00:00:00-05:00,248.0399932861328,255.0,245.69000244140625,254.49000549316406,147495300,0.0,0.0,243.75699844360352,6.934510662508738,1.547767041096105,257.626019768621,229.88797711858604,72.33415355801367,234.72052795410156,236.76741181942222,5.600481580800704,4.280848119111756
2024-12-23 00:00:00-05:00,254.77000427246094,255.64999389648438,253.4499969482422,255.27000427246094,40858800,0.0,0.0,245.0269989013672,6.573886709884506,1.5581353654440602,258.17477232113623,231.87922548159818,73.08562949999823,235.27992950439454,237.4930036803257,5.771808959240218,4.132215892621072
2024-12-24 00:00:00-05:00,255.49000549316406,258.2099914550781,255.2899932861328,258.20001220703125,23234700,0.0,0.0,246.2934997558594,6.548438115377273,1.8182217257597002,259.39037598661395,233.19662352510483,75.75026424636242,235.82301361083984,238.30504323039258,6.0739970373082315,4.0470566990493655
2024-12-26 00:00:00-05:00,258.19000244140625,260.1000061035156,257.6300048828125,259.0199890136719,27237100,0.0,0.0,247.4914993286133,6.576780091049497,1.7529078858434077,260.64505951071226,234.3379391465143,76.45286559358885,236.33155334472656,239.11739404542314,6.306945994303703,3.934409879167491
2024-12-27 00:00:00-05:00,257.8299865722656,258.70001220703125,253.05999755859375,255.58999633789062,42355300,0.0,0.0,248.52449951171874,6.105558760621753,1.1572236224702837,260.73561703296224,236.31338199047525,67.62626136320556,236.81284790039064,239.76337844904933,6.143964183120403,4.0790942774468215
2024-12-30 00:00:00-05:00,252.22999572753906,253.5,250.75,252.1999969482422,35557500,0.0,0.0,249.26799926757812,5.550797823892858,0.5282119388394179,260.36959491536385,238.1664036197924,60.22557572613408,237.2189505004883,240.25108897842944,5.6758278933253905,4.133444424621379
2024-12-31 00:00:00-05:00,252.44000244140625,253.27999877929688,249.42999267578125,250.4199981689453,39480700,0.0,0.0,249.80949935913085,5.06387976353696,0.12055949949886738,259.93725888620475,239.68173983205693,56.71590622426876,237.53251586914064,240.6498697309987,5.102378442934423,4.113198830256683
